term,estimate,std_error,ci_low,ci_high,odds_ratio,odds_ratio_ci_low,odds_ratio_ci_high,fit_method
Intercept,0.2616585271286369,0.07606120344025841,0.11257856838573044,0.4107384858715434,1.2990828651257185,1.119160184067624,1.5079309597394266,BinomialBayesMixedGLM.fit_vb
"C(model_key, Treatment(reference='qwen2vl7b'))[T.llava15_7b]",1.782998385421406,0.17021751022123402,1.4493720653877873,2.116624705455025,5.94766309592791,4.2604383983100504,8.303064848137353,BinomialBayesMixedGLM.fit_vb
"C(model_key, Treatment(reference='qwen2vl7b'))[T.internvl2_8b]",0.9554065506582409,0.13898288182032545,0.683000102290403,1.2278129990260789,2.599727288943269,1.9798084592814444,3.4137554798252014,BinomialBayesMixedGLM.fit_vb
"C(condition_name, Treatment(reference='A1_forced_choice_red_family'))[T.A2_counterfactual_assumption]",2.3874933047205436,0.20405281873471642,1.9875497800004993,2.787436829440588,10.88617139824642,7.297631036942703,16.239342207364718,BinomialBayesMixedGLM.fit_vb
"C(model_key, Treatment(reference='qwen2vl7b'))[T.llava15_7b]:C(condition_name, Treatment(reference='A1_forced_choice_red_family'))[T.A2_counterfactual_assumption]",3.0515726131332612,1.15945841545365,0.7790341188441072,5.324111107422415,21.148576814491896,2.179366239793855,205.22585562340845,BinomialBayesMixedGLM.fit_vb
"C(model_key, Treatment(reference='qwen2vl7b'))[T.internvl2_8b]:C(condition_name, Treatment(reference='A1_forced_choice_red_family'))[T.A2_counterfactual_assumption]",3.5545716210531086,1.073773561076878,1.4499754413424277,5.65916780076379,34.972835132045006,4.2630098200848385,286.909777080659,BinomialBayesMixedGLM.fit_vb
