model_key,metric_name,estimate,ci_low,ci_high
qwen2vl7b,FSS,0.5566666666666666,0.5,0.6133333333333333
llava15_7b,FSS,0.8433333333333334,0.8033333333333333,0.8833333333333333
internvl2_8b,FSS,0.7366666666666667,0.6866666666666666,0.7866666666666666
