model_key,condition_name,n,in_space_n,in_space_rate,in_space_rate_pct,out_of_space_n,out_of_space_rate,out_of_space_rate_pct,compliance_rate,compliance_rate_pct,compliance_ci_95,faithful_n,faithful_rate,faithful_rate_pct,faithful_ci_95,conflict_aligned_n,conflict_aligned_rate,conflict_aligned_rate_pct,conflict_aligned_ci_95,refusal_or_correction_n,refusal_or_correction_rate,refusal_or_correction_rate_pct,parse_error_n,parse_error_rate,parse_error_rate_pct
qwen2vl7b,A1_forced_choice_red_family,300,167,0.5566666666666666,55.67%,133,0.4433333333333333,44.33%,0.5566666666666666,55.67%,"[49.85%, 61.37%]",133,0.4433333333333333,44.33%,"[38.63%, 50.15%]",167,0.5566666666666666,55.67%,"[49.85%, 61.37%]",0,0.0,0.00%,0,0.0,0.00%
qwen2vl7b,A2_counterfactual_assumption,300,272,0.9066666666666666,90.67%,28,0.0933333333333333,9.33%,0.9066666666666666,90.67%,"[86.79%, 93.71%]",28,0.0933333333333333,9.33%,"[6.29%, 13.21%]",272,0.9066666666666666,90.67%,"[86.79%, 93.71%]",0,0.0,0.00%,0,0.0,0.00%
llava15_7b,A1_forced_choice_red_family,300,256,0.8533333333333334,85.33%,44,0.1466666666666666,14.67%,0.8533333333333334,85.33%,"[80.82%, 89.14%]",44,0.1466666666666666,14.67%,"[10.86%, 19.18%]",256,0.8533333333333334,85.33%,"[80.82%, 89.14%]",0,0.0,0.00%,0,0.0,0.00%
llava15_7b,A2_counterfactual_assumption,300,300,1.0,100.00%,0,0.0,0.00%,1.0,100.00%,"[98.78%, 100.00%]",0,0.0,0.00%,"[0.00%, 1.22%]",300,1.0,100.00%,"[98.78%, 100.00%]",0,0.0,0.00%,0,0.0,0.00%
internvl2_8b,A1_forced_choice_red_family,300,221,0.7366666666666667,73.67%,79,0.2633333333333333,26.33%,0.7366666666666667,73.67%,"[68.30%, 78.56%]",79,0.2633333333333333,26.33%,"[21.44%, 31.70%]",221,0.7366666666666667,73.67%,"[68.30%, 78.56%]",0,0.0,0.00%,0,0.0,0.00%
internvl2_8b,A2_counterfactual_assumption,300,300,1.0,100.00%,0,0.0,0.00%,1.0,100.00%,"[98.78%, 100.00%]",0,0.0,0.00%,"[0.00%, 1.22%]",300,1.0,100.00%,"[98.78%, 100.00%]",0,0.0,0.00%,0,0.0,0.00%
