term,estimate,std_error,ci_low,ci_high,odds_ratio,odds_ratio_ci_low,odds_ratio_ci_high,fit_method
Intercept,-0.10394361304858818,0.11665555868554689,-0.3325885080722601,0.12470128197508373,0.9012761162010061,0.717065199996737,1.1328100117507667,BinomialBayesMixedGLM.fit_vb
"C(model_key, Treatment(reference='qwen2vl7b'))[T.llava15_7b]",4.399872086818132,0.46989857386101985,3.4788708820505327,5.32087329158573,81.4404506915035,32.4230919048167,204.56244667554043,BinomialBayesMixedGLM.fit_vb
"C(model_key, Treatment(reference='qwen2vl7b'))[T.internvl2_8b]",0.6510634256557737,0.1959426653463914,0.26701580157684657,1.035111049734701,1.9175789477779717,1.3060610839921851,2.815418869783334,BinomialBayesMixedGLM.fit_vb
"C(condition_name, Treatment(reference='A1_forced_choice_red_family'))[T.A2_counterfactual_assumption]",2.023098768419045,0.23273975652668563,1.566928845626741,2.479268691211349,7.561720687188725,4.79190888009307,11.932534858623471,BinomialBayesMixedGLM.fit_vb
"C(model_key, Treatment(reference='qwen2vl7b'))[T.llava15_7b]:C(condition_name, Treatment(reference='A1_forced_choice_red_family'))[T.A2_counterfactual_assumption]",1.7174337011431122,1.3565541587638077,-0.9414124500339507,4.376279852320176,5.57021526908558,0.39007648253003063,79.54157590509308,BinomialBayesMixedGLM.fit_vb
"C(model_key, Treatment(reference='qwen2vl7b'))[T.internvl2_8b]:C(condition_name, Treatment(reference='A1_forced_choice_red_family'))[T.A2_counterfactual_assumption]",3.9006224063966983,0.9731543419841477,1.9932398961077689,5.808004916685627,49.43320707685213,7.339273768482703,332.95419124392913,BinomialBayesMixedGLM.fit_vb
