model_key,metric_name,estimate,ci_low,ci_high
qwen2vl7b,FSS,0.4785714285714286,0.39285714285714285,0.5642857142857143
llava15_7b,FSS,0.9642857142857143,0.9285714285714286,0.9928571428571429
internvl2_8b,FSS,0.5928571428571429,0.5071428571428571,0.6785714285714286
