label,n,rate
Canonical C3,27,0.09
Free C3,7,0.0233333333333333
MC C3,4,0.0133333333333333
Yes/no false,4,0.0133333333333333
