term,estimate,std_error,ci_low,ci_high,odds_ratio,odds_ratio_ci_low,odds_ratio_ci_high,fit_method
Intercept,-0.22092078763928905,0.13739598377021925,-0.4902169158289188,0.04837534055034068,0.8017801886763538,0.6124935202340566,1.049564525528747,BinomialBayesMixedGLM.fit_vb
"C(model_key, Treatment(reference='qwen2vl7b'))[T.llava15_7b]",4.13998209499456,0.5205718756638987,3.1196612186933184,5.160302971295801,62.80169697440885,22.63870877253543,174.2172304301328,BinomialBayesMixedGLM.fit_vb
"C(model_key, Treatment(reference='qwen2vl7b'))[T.internvl2_8b]",0.6240767828535365,0.22951351882761323,0.1742302859514146,1.0739232797556584,1.866521956666495,1.1903296504562833,2.926839815661698,BinomialBayesMixedGLM.fit_vb
"C(condition_name, Treatment(reference='A1_forced_choice_red_family'))[T.A2_counterfactual_assumption]",2.007097043071323,0.27315465920449494,1.4717139110305126,2.542480175112133,7.44168307538763,4.3566957347158946,12.71115780549729,BinomialBayesMixedGLM.fit_vb
"C(model_key, Treatment(reference='qwen2vl7b'))[T.llava15_7b]:C(condition_name, Treatment(reference='A1_forced_choice_red_family'))[T.A2_counterfactual_assumption]",1.5225591681724908,1.3679686881542281,-1.1586594606097962,4.203777796954778,4.583941273652259,0.3139067032567917,66.93873492438101,BinomialBayesMixedGLM.fit_vb
"C(model_key, Treatment(reference='qwen2vl7b'))[T.internvl2_8b]:C(condition_name, Treatment(reference='A1_forced_choice_red_family'))[T.A2_counterfactual_assumption]",3.511179677293144,1.0005624736480125,1.5500772289430396,5.472282125643249,33.48774922904812,4.7118340585038005,238.00272558488882,BinomialBayesMixedGLM.fit_vb
