model_key,metric_name,estimate,ci_low,ci_high
qwen2vl7b,FSS,0.45161290322580644,0.3548387096774194,0.5483870967741935
llava15_7b,FSS,0.956989247311828,0.9139784946236559,0.989247311827957
internvl2_8b,FSS,0.5698924731182796,0.4731182795698925,0.6666666666666666
