model_key,condition_name,n,in_space_n,in_space_rate,in_space_rate_pct,out_of_space_n,out_of_space_rate,out_of_space_rate_pct,compliance_rate,compliance_rate_pct,compliance_ci_95,faithful_n,faithful_rate,faithful_rate_pct,faithful_ci_95,conflict_aligned_n,conflict_aligned_rate,conflict_aligned_rate_pct,conflict_aligned_ci_95,refusal_or_correction_n,refusal_or_correction_rate,refusal_or_correction_rate_pct,parse_error_n,parse_error_rate,parse_error_rate_pct
qwen2vl7b,A1_forced_choice_red_family,93,42,0.4516129032258064,45.16%,51,0.5483870967741935,54.84%,0.4516129032258064,45.16%,"[34.81%, 55.83%]",51,0.5483870967741935,54.84%,"[44.17%, 65.19%]",42,0.4516129032258064,45.16%,"[34.81%, 55.83%]",0,0.0,0.00%,0,0.0,0.00%
qwen2vl7b,A2_counterfactual_assumption,93,74,0.7956989247311828,79.57%,19,0.2043010752688172,20.43%,0.7956989247311828,79.57%,"[69.95%, 87.23%]",19,0.2043010752688172,20.43%,"[12.77%, 30.05%]",74,0.7956989247311828,79.57%,"[69.95%, 87.23%]",0,0.0,0.00%,0,0.0,0.00%
llava15_7b,A1_forced_choice_red_family,93,90,0.967741935483871,96.77%,3,0.032258064516129,3.23%,0.967741935483871,96.77%,"[90.86%, 99.33%]",3,0.032258064516129,3.23%,"[0.67%, 9.14%]",90,0.967741935483871,96.77%,"[90.86%, 99.33%]",0,0.0,0.00%,0,0.0,0.00%
llava15_7b,A2_counterfactual_assumption,93,93,1.0,100.00%,0,0.0,0.00%,1.0,100.00%,"[96.11%, 100.00%]",0,0.0,0.00%,"[0.00%, 3.89%]",93,1.0,100.00%,"[96.11%, 100.00%]",0,0.0,0.00%,0,0.0,0.00%
internvl2_8b,A1_forced_choice_red_family,93,53,0.5698924731182796,56.99%,40,0.4301075268817204,43.01%,0.5698924731182796,56.99%,"[46.31%, 67.22%]",40,0.4301075268817204,43.01%,"[32.78%, 53.69%]",53,0.5698924731182796,56.99%,"[46.31%, 67.22%]",0,0.0,0.00%,0,0.0,0.00%
internvl2_8b,A2_counterfactual_assumption,93,93,1.0,100.00%,0,0.0,0.00%,1.0,100.00%,"[96.11%, 100.00%]",0,0.0,0.00%,"[0.00%, 3.89%]",93,1.0,100.00%,"[96.11%, 100.00%]",0,0.0,0.00%,0,0.0,0.00%
